-- MariaDB dump 10.19  Distrib 10.9.3-MariaDB, for debian-linux-gnu (x86_64)
--
-- Host: localhost    Database: ukesec_db
-- ------------------------------------------------------
-- Server version	10.9.3-MariaDB-1:10.9.3+maria~ubu2204

/*!40101 SET @OLD_CHARACTER_SET_CLIENT=@@CHARACTER_SET_CLIENT */;
/*!40101 SET @OLD_CHARACTER_SET_RESULTS=@@CHARACTER_SET_RESULTS */;
/*!40101 SET @OLD_COLLATION_CONNECTION=@@COLLATION_CONNECTION */;
/*!40101 SET NAMES utf8mb4 */;
/*!40103 SET @OLD_TIME_ZONE=@@TIME_ZONE */;
/*!40103 SET TIME_ZONE='+00:00' */;
/*!40014 SET @OLD_UNIQUE_CHECKS=@@UNIQUE_CHECKS, UNIQUE_CHECKS=0 */;
/*!40014 SET @OLD_FOREIGN_KEY_CHECKS=@@FOREIGN_KEY_CHECKS, FOREIGN_KEY_CHECKS=0 */;
/*!40101 SET @OLD_SQL_MODE=@@SQL_MODE, SQL_MODE='NO_AUTO_VALUE_ON_ZERO' */;
/*!40111 SET @OLD_SQL_NOTES=@@SQL_NOTES, SQL_NOTES=0 */;

--
-- Table structure for table `calendar_polls`
--

DROP TABLE IF EXISTS `calendar_polls`;
/*!40101 SET @saved_cs_client     = @@character_set_client */;
/*!40101 SET character_set_client = utf8 */;
CREATE TABLE `calendar_polls` (
  `id` int(11) NOT NULL AUTO_INCREMENT,
  `ip_address` varchar(64) DEFAULT NULL,
  `user_agent` text DEFAULT NULL,
  `timestamp` timestamp NULL DEFAULT NULL,
  PRIMARY KEY (`id`),
  KEY `idx_timestamp` (`timestamp`) USING BTREE
) ENGINE=InnoDB AUTO_INCREMENT=6 DEFAULT CHARSET=utf8mb4;
/*!40101 SET character_set_client = @saved_cs_client */;

--
-- Table structure for table `disconnection_rota`
--

DROP TABLE IF EXISTS `disconnection_rota`;
/*!40101 SET @saved_cs_client     = @@character_set_client */;
/*!40101 SET character_set_client = utf8 */;
CREATE TABLE `disconnection_rota` (
  `day_of_week` int(11) NOT NULL,
  `period_id` int(11) NOT NULL,
  `load_block` char(1) NOT NULL,
  `level_of_disconnection` int(11) NOT NULL,
  PRIMARY KEY (`day_of_week`,`period_id`,`load_block`)
) ENGINE=InnoDB DEFAULT CHARSET=utf8mb4;
/*!40101 SET character_set_client = @saved_cs_client */;

--
-- Dumping data for table `disconnection_rota`
--

LOCK TABLES `disconnection_rota` WRITE;
/*!40000 ALTER TABLE `disconnection_rota` DISABLE KEYS */;
INSERT INTO `disconnection_rota` VALUES
(1,1,'A',1),
(1,1,'B',2),
(1,1,'C',3),
(1,1,'D',13),
(1,1,'E',16),
(1,1,'G',10),
(1,1,'H',4),
(1,1,'J',11),
(1,1,'K',9),
(1,1,'L',7),
(1,1,'M',8),
(1,1,'N',6),
(1,1,'P',15),
(1,1,'Q',18),
(1,1,'R',12),
(1,1,'S',14),
(1,1,'T',5),
(1,1,'U',17),
(1,2,'A',10),
(1,2,'B',13),
(1,2,'C',16),
(1,2,'D',1),
(1,2,'E',2),
(1,2,'G',3),
(1,2,'H',14),
(1,2,'J',4),
(1,2,'K',11),
(1,2,'L',12),
(1,2,'M',15),
(1,2,'N',18),
(1,2,'P',7),
(1,2,'Q',8),
(1,2,'R',6),
(1,2,'S',17),
(1,2,'T',9),
(1,2,'U',5),
(1,3,'A',3),
(1,3,'B',1),
(1,3,'C',2),
(1,3,'D',16),
(1,3,'E',10),
(1,3,'G',13),
(1,3,'H',17),
(1,3,'J',9),
(1,3,'K',4),
(1,3,'L',6),
(1,3,'M',7),
(1,3,'N',8),
(1,3,'P',12),
(1,3,'Q',15),
(1,3,'R',18),
(1,3,'S',5),
(1,3,'T',11),
(1,3,'U',14),
(1,4,'A',16),
(1,4,'B',10),
(1,4,'C',13),
(1,4,'D',3),
(1,4,'E',1),
(1,4,'G',2),
(1,4,'H',4),
(1,4,'J',14),
(1,4,'K',17),
(1,4,'L',18),
(1,4,'M',12),
(1,4,'N',15),
(1,4,'P',6),
(1,4,'Q',7),
(1,4,'R',8),
(1,4,'S',11),
(1,4,'T',5),
(1,4,'U',9),
(1,5,'A',2),
(1,5,'B',3),
(1,5,'C',1),
(1,5,'D',10),
(1,5,'E',13),
(1,5,'G',16),
(1,5,'H',11),
(1,5,'J',4),
(1,5,'K',14),
(1,5,'L',8),
(1,5,'M',6),
(1,5,'N',7),
(1,5,'P',18),
(1,5,'Q',12),
(1,5,'R',15),
(1,5,'S',9),
(1,5,'T',17),
(1,5,'U',5),
(1,6,'A',13),
(1,6,'B',16),
(1,6,'C',10),
(1,6,'D',2),
(1,6,'E',3),
(1,6,'G',1),
(1,6,'H',9),
(1,6,'J',17),
(1,6,'K',4),
(1,6,'L',15),
(1,6,'M',18),
(1,6,'N',12),
(1,6,'P',8),
(1,6,'Q',6),
(1,6,'R',7),
(1,6,'S',5),
(1,6,'T',14),
(1,6,'U',11),
(1,7,'A',5),
(1,7,'B',1),
(1,7,'C',17),
(1,7,'D',11),
(1,7,'E',14),
(1,7,'G',8),
(1,7,'H',2),
(1,7,'J',9),
(1,7,'K',7),
(1,7,'L',4),
(1,7,'M',6),
(1,7,'N',18),
(1,7,'P',13),
(1,7,'Q',16),
(1,7,'R',10),
(1,7,'S',12),
(1,7,'T',3),
(1,7,'U',15),
(1,8,'A',8),
(1,8,'B',10),
(1,8,'C',1),
(1,8,'D',17),
(1,8,'E',13),
(1,8,'G',15),
(1,8,'H',11),
(1,8,'J',2),
(1,8,'K',5),
(1,8,'L',9),
(1,8,'M',12),
(1,8,'N',4),
(1,8,'P',14),
(1,8,'Q',16),
(1,8,'R',18),
(1,8,'S',6),
(1,8,'T',7),
(1,8,'U',3),
(2,1,'A',4),
(2,1,'B',11),
(2,1,'C',9),
(2,1,'D',3),
(2,1,'E',1),
(2,1,'G',2),
(2,1,'H',13),
(2,1,'J',16),
(2,1,'K',10),
(2,1,'L',14),
(2,1,'M',5),
(2,1,'N',17),
(2,1,'P',6),
(2,1,'Q',7),
(2,1,'R',8),
(2,1,'S',15),
(2,1,'T',18),
(2,1,'U',12),
(2,2,'A',14),
(2,2,'B',4),
(2,2,'C',11),
(2,2,'D',16),
(2,2,'E',10),
(2,2,'G',13),
(2,2,'H',1),
(2,2,'J',2),
(2,2,'K',3),
(2,2,'L',17),
(2,2,'M',9),
(2,2,'N',5),
(2,2,'P',18),
(2,2,'Q',12),
(2,2,'R',15),
(2,2,'S',7),
(2,2,'T',8),
(2,2,'U',6),
(2,3,'A',17),
(2,3,'B',9),
(2,3,'C',4),
(2,3,'D',2),
(2,3,'E',3),
(2,3,'G',1),
(2,3,'H',16),
(2,3,'J',10),
(2,3,'K',13),
(2,3,'L',5),
(2,3,'M',11),
(2,3,'N',14),
(2,3,'P',8),
(2,3,'Q',6),
(2,3,'R',7),
(2,3,'S',12),
(2,3,'T',15),
(2,3,'U',18),
(2,4,'A',4),
(2,4,'B',14),
(2,4,'C',17),
(2,4,'D',13),
(2,4,'E',16),
(2,4,'G',10),
(2,4,'H',3),
(2,4,'J',1),
(2,4,'K',2),
(2,4,'L',11),
(2,4,'M',5),
(2,4,'N',9),
(2,4,'P',15),
(2,4,'Q',18),
(2,4,'R',12),
(2,4,'S',6),
(2,4,'T',7),
(2,4,'U',8),
(2,5,'A',11),
(2,5,'B',4),
(2,5,'C',14),
(2,5,'D',1),
(2,5,'E',2),
(2,5,'G',3),
(2,5,'H',10),
(2,5,'J',13),
(2,5,'K',16),
(2,5,'L',9),
(2,5,'M',17),
(2,5,'N',5),
(2,5,'P',7),
(2,5,'Q',8),
(2,5,'R',6),
(2,5,'S',18),
(2,5,'T',12),
(2,5,'U',15),
(2,6,'A',9),
(2,6,'B',17),
(2,6,'C',4),
(2,6,'D',10),
(2,6,'E',13),
(2,6,'G',16),
(2,6,'H',2),
(2,6,'J',3),
(2,6,'K',1),
(2,6,'L',5),
(2,6,'M',14),
(2,6,'N',11),
(2,6,'P',12),
(2,6,'Q',15),
(2,6,'R',18),
(2,6,'S',8),
(2,6,'T',6),
(2,6,'U',7),
(2,7,'A',2),
(2,7,'B',9),
(2,7,'C',7),
(2,7,'D',5),
(2,7,'E',1),
(2,7,'G',17),
(2,7,'H',11),
(2,7,'J',14),
(2,7,'K',8),
(2,7,'L',12),
(2,7,'M',16),
(2,7,'N',3),
(2,7,'P',4),
(2,7,'Q',6),
(2,7,'R',18),
(2,7,'S',13),
(2,7,'T',15),
(2,7,'U',10),
(2,8,'A',9),
(2,8,'B',2),
(2,8,'C',5),
(2,8,'D',10),
(2,8,'E',7),
(2,8,'G',1),
(2,8,'H',17),
(2,8,'J',12),
(2,8,'K',14),
(2,8,'L',6),
(2,8,'M',3),
(2,8,'N',15),
(2,8,'P',11),
(2,8,'Q',8),
(2,8,'R',4),
(2,8,'S',13),
(2,8,'T',16),
(2,8,'U',18),
(3,1,'A',10),
(3,1,'B',13),
(3,1,'C',16),
(3,1,'D',4),
(3,1,'E',11),
(3,1,'G',9),
(3,1,'H',3),
(3,1,'J',1),
(3,1,'K',2),
(3,1,'L',12),
(3,1,'M',15),
(3,1,'N',18),
(3,1,'P',14),
(3,1,'Q',5),
(3,1,'R',17),
(3,1,'S',6),
(3,1,'T',7),
(3,1,'U',8),
(3,2,'A',3),
(3,2,'B',1),
(3,2,'C',2),
(3,2,'D',14),
(3,2,'E',4),
(3,2,'G',11),
(3,2,'H',16),
(3,2,'J',10),
(3,2,'K',13),
(3,2,'L',6),
(3,2,'M',7),
(3,2,'N',8),
(3,2,'P',17),
(3,2,'Q',9),
(3,2,'R',5),
(3,2,'S',18),
(3,2,'T',12),
(3,2,'U',15),
(3,3,'A',13),
(3,3,'B',16),
(3,3,'C',10),
(3,3,'D',17),
(3,3,'E',9),
(3,3,'G',4),
(3,3,'H',2),
(3,3,'J',3),
(3,3,'K',1),
(3,3,'L',18),
(3,3,'M',12),
(3,3,'N',15),
(3,3,'P',5),
(3,3,'Q',11),
(3,3,'R',14),
(3,3,'S',8),
(3,3,'T',6),
(3,3,'U',7),
(3,4,'A',2),
(3,4,'B',3),
(3,4,'C',1),
(3,4,'D',4),
(3,4,'E',14),
(3,4,'G',17),
(3,4,'H',13),
(3,4,'J',16),
(3,4,'K',10),
(3,4,'L',8),
(3,4,'M',6),
(3,4,'N',7),
(3,4,'P',11),
(3,4,'Q',5),
(3,4,'R',9),
(3,4,'S',15),
(3,4,'T',18),
(3,4,'U',12),
(3,5,'A',16),
(3,5,'B',10),
(3,5,'C',13),
(3,5,'D',11),
(3,5,'E',4),
(3,5,'G',14),
(3,5,'H',1),
(3,5,'J',2),
(3,5,'K',3),
(3,5,'L',15),
(3,5,'M',18),
(3,5,'N',12),
(3,5,'P',9),
(3,5,'Q',17),
(3,5,'R',5),
(3,5,'S',7),
(3,5,'T',8),
(3,5,'U',6),
(3,6,'A',1),
(3,6,'B',2),
(3,6,'C',3),
(3,6,'D',9),
(3,6,'E',17),
(3,6,'G',4),
(3,6,'H',10),
(3,6,'J',13),
(3,6,'K',16),
(3,6,'L',7),
(3,6,'M',8),
(3,6,'N',6),
(3,6,'P',5),
(3,6,'Q',14),
(3,6,'R',11),
(3,6,'S',12),
(3,6,'T',15),
(3,6,'U',18),
(3,7,'A',8),
(3,7,'B',11),
(3,7,'C',14),
(3,7,'D',2),
(3,7,'E',9),
(3,7,'G',7),
(3,7,'H',1),
(3,7,'J',5),
(3,7,'K',16),
(3,7,'L',10),
(3,7,'M',13),
(3,7,'N',15),
(3,7,'P',12),
(3,7,'Q',18),
(3,7,'R',3),
(3,7,'S',6),
(3,7,'T',4),
(3,7,'U',17),
(3,8,'A',14),
(3,8,'B',17),
(3,8,'C',12),
(3,8,'D',9),
(3,8,'E',2),
(3,8,'G',5),
(3,8,'H',10),
(3,8,'J',7),
(3,8,'K',1),
(3,8,'L',18),
(3,8,'M',13),
(3,8,'N',16),
(3,8,'P',6),
(3,8,'Q',3),
(3,8,'R',15),
(3,8,'S',11),
(3,8,'T',8),
(3,8,'U',4),
(4,1,'A',7),
(4,1,'B',8),
(4,1,'C',6),
(4,1,'D',15),
(4,1,'E',18),
(4,1,'G',12),
(4,1,'H',14),
(4,1,'J',5),
(4,1,'K',17),
(4,1,'L',1),
(4,1,'M',2),
(4,1,'N',3),
(4,1,'P',13),
(4,1,'Q',16),
(4,1,'R',10),
(4,1,'S',4),
(4,1,'T',11),
(4,1,'U',9),
(4,2,'A',12),
(4,2,'B',15),
(4,2,'C',18),
(4,2,'D',7),
(4,2,'E',8),
(4,2,'G',6),
(4,2,'H',17),
(4,2,'J',9),
(4,2,'K',5),
(4,2,'L',10),
(4,2,'M',13),
(4,2,'N',16),
(4,2,'P',1),
(4,2,'Q',2),
(4,2,'R',3),
(4,2,'S',14),
(4,2,'T',4),
(4,2,'U',11),
(4,3,'A',6),
(4,3,'B',7),
(4,3,'C',8),
(4,3,'D',12),
(4,3,'E',15),
(4,3,'G',18),
(4,3,'H',5),
(4,3,'J',11),
(4,3,'K',14),
(4,3,'L',3),
(4,3,'M',1),
(4,3,'N',2),
(4,3,'P',16),
(4,3,'Q',10),
(4,3,'R',13),
(4,3,'S',17),
(4,3,'T',9),
(4,3,'U',4),
(4,4,'A',18),
(4,4,'B',12),
(4,4,'C',15),
(4,4,'D',6),
(4,4,'E',7),
(4,4,'G',8),
(4,4,'H',11),
(4,4,'J',5),
(4,4,'K',9),
(4,4,'L',16),
(4,4,'M',10),
(4,4,'N',13),
(4,4,'P',3),
(4,4,'Q',1),
(4,4,'R',2),
(4,4,'S',4),
(4,4,'T',14),
(4,4,'U',17),
(4,5,'A',8),
(4,5,'B',6),
(4,5,'C',7),
(4,5,'D',18),
(4,5,'E',12),
(4,5,'G',15),
(4,5,'H',9),
(4,5,'J',17),
(4,5,'K',5),
(4,5,'L',2),
(4,5,'M',3),
(4,5,'N',1),
(4,5,'P',10),
(4,5,'Q',13),
(4,5,'R',16),
(4,5,'S',11),
(4,5,'T',4),
(4,5,'U',14),
(4,6,'A',15),
(4,6,'B',18),
(4,6,'C',12),
(4,6,'D',8),
(4,6,'E',6),
(4,6,'G',7),
(4,6,'H',5),
(4,6,'J',14),
(4,6,'K',11),
(4,6,'L',13),
(4,6,'M',16),
(4,6,'N',10),
(4,6,'P',2),
(4,6,'Q',3),
(4,6,'R',1),
(4,6,'S',9),
(4,6,'T',17),
(4,6,'U',4),
(4,7,'A',4),
(4,7,'B',6),
(4,7,'C',18),
(4,7,'D',13),
(4,7,'E',16),
(4,7,'G',10),
(4,7,'H',12),
(4,7,'J',3),
(4,7,'K',15),
(4,7,'L',5),
(4,7,'M',1),
(4,7,'N',17),
(4,7,'P',11),
(4,7,'Q',14),
(4,7,'R',8),
(4,7,'S',2),
(4,7,'T',9),
(4,7,'U',7),
(4,8,'A',9),
(4,8,'B',12),
(4,8,'C',4),
(4,8,'D',14),
(4,8,'E',16),
(4,8,'G',18),
(4,8,'H',6),
(4,8,'J',7),
(4,8,'K',3),
(4,8,'L',8),
(4,8,'M',10),
(4,8,'N',1),
(4,8,'P',17),
(4,8,'Q',13),
(4,8,'R',15),
(4,8,'S',11),
(4,8,'T',2),
(4,8,'U',5),
(5,1,'A',14),
(5,1,'B',5),
(5,1,'C',17),
(5,1,'D',6),
(5,1,'E',7),
(5,1,'G',8),
(5,1,'H',15),
(5,1,'J',18),
(5,1,'K',12),
(5,1,'L',4),
(5,1,'M',11),
(5,1,'N',9),
(5,1,'P',3),
(5,1,'Q',1),
(5,1,'R',2),
(5,1,'S',13),
(5,1,'T',16),
(5,1,'U',10),
(5,2,'A',17),
(5,2,'B',9),
(5,2,'C',5),
(5,2,'D',18),
(5,2,'E',12),
(5,2,'G',15),
(5,2,'H',7),
(5,2,'J',8),
(5,2,'K',6),
(5,2,'L',14),
(5,2,'M',4),
(5,2,'N',11),
(5,2,'P',16),
(5,2,'Q',10),
(5,2,'R',13),
(5,2,'S',1),
(5,2,'T',2),
(5,2,'U',3),
(5,3,'A',5),
(5,3,'B',11),
(5,3,'C',14),
(5,3,'D',8),
(5,3,'E',6),
(5,3,'G',7),
(5,3,'H',12),
(5,3,'J',15),
(5,3,'K',18),
(5,3,'L',17),
(5,3,'M',9),
(5,3,'N',4),
(5,3,'P',2),
(5,3,'Q',3),
(5,3,'R',1),
(5,3,'S',16),
(5,3,'T',10),
(5,3,'U',13),
(5,4,'A',11),
(5,4,'B',5),
(5,4,'C',9),
(5,4,'D',15),
(5,4,'E',18),
(5,4,'G',12),
(5,4,'H',6),
(5,4,'J',7),
(5,4,'K',8),
(5,4,'L',4),
(5,4,'M',14),
(5,4,'N',17),
(5,4,'P',13),
(5,4,'Q',16),
(5,4,'R',10),
(5,4,'S',3),
(5,4,'T',1),
(5,4,'U',2),
(5,5,'A',9),
(5,5,'B',17),
(5,5,'C',5),
(5,5,'D',7),
(5,5,'E',8),
(5,5,'G',6),
(5,5,'H',18),
(5,5,'J',12),
(5,5,'K',15),
(5,5,'L',11),
(5,5,'M',4),
(5,5,'N',14),
(5,5,'P',1),
(5,5,'Q',2),
(5,5,'R',3),
(5,5,'S',10),
(5,5,'T',13),
(5,5,'U',16),
(5,6,'A',5),
(5,6,'B',14),
(5,6,'C',11),
(5,6,'D',12),
(5,6,'E',15),
(5,6,'G',18),
(5,6,'H',8),
(5,6,'J',6),
(5,6,'K',7),
(5,6,'L',9),
(5,6,'M',17),
(5,6,'N',4),
(5,6,'P',10),
(5,6,'Q',13),
(5,6,'R',16),
(5,6,'S',2),
(5,6,'T',3),
(5,6,'U',1),
(5,7,'A',12),
(5,7,'B',18),
(5,7,'C',3),
(5,7,'D',4),
(5,7,'E',6),
(5,7,'G',17),
(5,7,'H',13),
(5,7,'J',15),
(5,7,'K',10),
(5,7,'L',2),
(5,7,'M',9),
(5,7,'N',7),
(5,7,'P',5),
(5,7,'Q',1),
(5,7,'R',16),
(5,7,'S',11),
(5,7,'T',14),
(5,7,'U',8),
(5,8,'A',6),
(5,8,'B',3),
(5,8,'C',15),
(5,8,'D',11),
(5,8,'E',8),
(5,8,'G',4),
(5,8,'H',13),
(5,8,'J',16),
(5,8,'K',18),
(5,8,'L',9),
(5,8,'M',2),
(5,8,'N',5),
(5,8,'P',10),
(5,8,'Q',7),
(5,8,'R',1),
(5,8,'S',17),
(5,8,'T',12),
(5,8,'U',14),
(6,1,'A',12),
(6,1,'B',15),
(6,1,'C',18),
(6,1,'D',14),
(6,1,'E',5),
(6,1,'G',17),
(6,1,'H',6),
(6,1,'J',7),
(6,1,'K',8),
(6,1,'L',10),
(6,1,'M',13),
(6,1,'N',16),
(6,1,'P',4),
(6,1,'Q',11),
(6,1,'R',9),
(6,1,'S',3),
(6,1,'T',1),
(6,1,'U',2),
(6,2,'A',6),
(6,2,'B',7),
(6,2,'C',8),
(6,2,'D',17),
(6,2,'E',9),
(6,2,'G',5),
(6,2,'H',18),
(6,2,'J',12),
(6,2,'K',15),
(6,2,'L',3),
(6,2,'M',1),
(6,2,'N',2),
(6,2,'P',14),
(6,2,'Q',4),
(6,2,'R',11),
(6,2,'S',16),
(6,2,'T',10),
(6,2,'U',13),
(6,3,'A',18),
(6,3,'B',12),
(6,3,'C',15),
(6,3,'D',5),
(6,3,'E',11),
(6,3,'G',14),
(6,3,'H',8),
(6,3,'J',6),
(6,3,'K',7),
(6,3,'L',13),
(6,3,'M',16),
(6,3,'N',10),
(6,3,'P',17),
(6,3,'Q',9),
(6,3,'R',4),
(6,3,'S',2),
(6,3,'T',3),
(6,3,'U',1),
(6,4,'A',8),
(6,4,'B',6),
(6,4,'C',7),
(6,4,'D',11),
(6,4,'E',5),
(6,4,'G',9),
(6,4,'H',15),
(6,4,'J',18),
(6,4,'K',12),
(6,4,'L',2),
(6,4,'M',3),
(6,4,'N',1),
(6,4,'P',4),
(6,4,'Q',14),
(6,4,'R',17),
(6,4,'S',13),
(6,4,'T',16),
(6,4,'U',10),
(6,5,'A',15),
(6,5,'B',18),
(6,5,'C',12),
(6,5,'D',9),
(6,5,'E',17),
(6,5,'G',5),
(6,5,'H',7),
(6,5,'J',8),
(6,5,'K',6),
(6,5,'L',16),
(6,5,'M',10),
(6,5,'N',13),
(6,5,'P',11),
(6,5,'Q',4),
(6,5,'R',14),
(6,5,'S',1),
(6,5,'T',2),
(6,5,'U',3),
(6,6,'A',7),
(6,6,'B',8),
(6,6,'C',6),
(6,6,'D',5),
(6,6,'E',14),
(6,6,'G',11),
(6,6,'H',12),
(6,6,'J',15),
(6,6,'K',18),
(6,6,'L',1),
(6,6,'M',2),
(6,6,'N',3),
(6,6,'P',9),
(6,6,'Q',17),
(6,6,'R',4),
(6,6,'S',10),
(6,6,'T',13),
(6,6,'U',16),
(6,7,'A',10),
(6,7,'B',13),
(6,7,'C',15),
(6,7,'D',12),
(6,7,'E',18),
(6,7,'G',3),
(6,7,'H',4),
(6,7,'J',16),
(6,7,'K',6),
(6,7,'L',8),
(6,7,'M',11),
(6,7,'N',14),
(6,7,'P',2),
(6,7,'Q',9),
(6,7,'R',7),
(6,7,'S',1),
(6,7,'T',5),
(6,7,'U',17),
(6,8,'A',18),
(6,8,'B',13),
(6,8,'C',16),
(6,8,'D',6),
(6,8,'E',3),
(6,8,'G',15),
(6,8,'H',11),
(6,8,'J',4),
(6,8,'K',9),
(6,8,'L',14),
(6,8,'M',17),
(6,8,'N',12),
(6,8,'P',8),
(6,8,'Q',2),
(6,8,'R',5),
(6,8,'S',10),
(6,8,'T',7),
(6,8,'U',1),
(7,1,'A',1),
(7,1,'B',2),
(7,1,'C',3),
(7,1,'D',9),
(7,1,'E',7),
(7,1,'G',8),
(7,1,'H',14),
(7,1,'J',15),
(7,1,'K',13),
(7,1,'L',4),
(7,1,'M',6),
(7,1,'N',5),
(7,1,'P',12),
(7,1,'Q',10),
(7,1,'R',11),
(7,1,'S',17),
(7,1,'T',18),
(7,1,'U',16),
(7,2,'A',17),
(7,2,'B',18),
(7,2,'C',16),
(7,2,'D',1),
(7,2,'E',2),
(7,2,'G',3),
(7,2,'H',9),
(7,2,'J',7),
(7,2,'K',8),
(7,2,'L',14),
(7,2,'M',15),
(7,2,'N',13),
(7,2,'P',4),
(7,2,'Q',5),
(7,2,'R',6),
(7,2,'S',12),
(7,2,'T',10),
(7,2,'U',11),
(7,3,'A',12),
(7,3,'B',10),
(7,3,'C',11),
(7,3,'D',17),
(7,3,'E',18),
(7,3,'G',16),
(7,3,'H',1),
(7,3,'J',2),
(7,3,'K',3),
(7,3,'L',9),
(7,3,'M',7),
(7,3,'N',8),
(7,3,'P',14),
(7,3,'Q',15),
(7,3,'R',13),
(7,3,'S',4),
(7,3,'T',5),
(7,3,'U',6),
(7,4,'A',4),
(7,4,'B',6),
(7,4,'C',5),
(7,4,'D',12),
(7,4,'E',10),
(7,4,'G',11),
(7,4,'H',17),
(7,4,'J',18),
(7,4,'K',16),
(7,4,'L',1),
(7,4,'M',2),
(7,4,'N',3),
(7,4,'P',9),
(7,4,'Q',7),
(7,4,'R',8),
(7,4,'S',14),
(7,4,'T',15),
(7,4,'U',13),
(7,5,'A',14),
(7,5,'B',15),
(7,5,'C',13),
(7,5,'D',4),
(7,5,'E',5),
(7,5,'G',6),
(7,5,'H',12),
(7,5,'J',10),
(7,5,'K',11),
(7,5,'L',17),
(7,5,'M',18),
(7,5,'N',16),
(7,5,'P',1),
(7,5,'Q',2),
(7,5,'R',3),
(7,5,'S',9),
(7,5,'T',7),
(7,5,'U',8),
(7,6,'A',9),
(7,6,'B',7),
(7,6,'C',8),
(7,6,'D',14),
(7,6,'E',15),
(7,6,'G',13),
(7,6,'H',4),
(7,6,'J',5),
(7,6,'K',6),
(7,6,'L',12),
(7,6,'M',10),
(7,6,'N',11),
(7,6,'P',17),
(7,6,'Q',18),
(7,6,'R',16),
(7,6,'S',1),
(7,6,'T',2),
(7,6,'U',3),
(7,7,'A',6),
(7,7,'B',5),
(7,7,'C',4),
(7,7,'D',9),
(7,7,'E',2),
(7,7,'G',8),
(7,7,'H',14),
(7,7,'J',15),
(7,7,'K',13),
(7,7,'L',7),
(7,7,'M',12),
(7,7,'N',11),
(7,7,'P',1),
(7,7,'Q',10),
(7,7,'R',3),
(7,7,'S',17),
(7,7,'T',18),
(7,7,'U',16),
(7,8,'A',14),
(7,8,'B',15),
(7,8,'C',13),
(7,8,'D',1),
(7,8,'E',17),
(7,8,'G',2),
(7,8,'H',16),
(7,8,'J',4),
(7,8,'K',5),
(7,8,'L',11),
(7,8,'M',12),
(7,8,'N',10),
(7,8,'P',18),
(7,8,'Q',3),
(7,8,'R',8),
(7,8,'S',6),
(7,8,'T',9),
(7,8,'U',7);
/*!40000 ALTER TABLE `disconnection_rota` ENABLE KEYS */;
UNLOCK TABLES;

--
-- Table structure for table `order_of_disconnection`
--

DROP TABLE IF EXISTS `order_of_disconnection`;
/*!40101 SET @saved_cs_client     = @@character_set_client */;
/*!40101 SET character_set_client = utf8 */;
CREATE TABLE `order_of_disconnection` (
  `day_of_week_str` varchar(10) DEFAULT NULL,
  `start_time` time DEFAULT NULL,
  `end_time` time DEFAULT NULL,
  `day_of_week` int(11) NOT NULL,
  `period_id` int(11) NOT NULL,
  `level_1` char(1) DEFAULT NULL,
  `level_2` char(1) DEFAULT NULL,
  `level_3` char(1) DEFAULT NULL,
  `level_4` char(1) DEFAULT NULL,
  `level_5` char(1) DEFAULT NULL,
  `level_6` char(1) DEFAULT NULL,
  `level_7` char(1) DEFAULT NULL,
  `level_8` char(1) DEFAULT NULL,
  `level_9` char(1) DEFAULT NULL,
  `level_10` char(1) DEFAULT NULL,
  `level_11` char(1) DEFAULT NULL,
  `level_12` char(1) DEFAULT NULL,
  `level_13` char(1) DEFAULT NULL,
  `level_14` char(1) DEFAULT NULL,
  `level_15` char(1) DEFAULT NULL,
  `level_16` char(1) DEFAULT NULL,
  `level_17` char(1) DEFAULT NULL,
  `level_18` char(1) DEFAULT NULL,
  PRIMARY KEY (`day_of_week`,`period_id`)
) ENGINE=InnoDB DEFAULT CHARSET=utf8mb4;
/*!40101 SET character_set_client = @saved_cs_client */;

--
-- Dumping data for table `order_of_disconnection`
--

LOCK TABLES `order_of_disconnection` WRITE;
/*!40000 ALTER TABLE `order_of_disconnection` DISABLE KEYS */;
INSERT INTO `order_of_disconnection` VALUES
('monday','00:30:00','03:30:00',1,1,'A','B','C','H','T','N','L','M','K','G','J','R','D','S','P','E','U','Q'),
('monday','03:30:00','06:30:00',1,2,'D','E','G','J','U','R','P','Q','T','A','K','L','B','H','M','C','S','N'),
('monday','06:30:00','09:30:00',1,3,'B','C','A','K','S','L','M','N','J','E','T','P','G','U','Q','D','H','R'),
('monday','09:30:00','12:30:00',1,4,'E','G','D','H','T','P','Q','R','U','B','S','M','C','J','N','A','K','L'),
('monday','12:30:00','15:30:00',1,5,'C','A','B','J','U','M','N','L','S','D','H','Q','E','K','R','G','T','P'),
('monday','15:30:00','18:30:00',1,6,'G','D','E','K','S','Q','R','P','H','C','U','N','A','T','L','B','J','M'),
('monday','18:30:00','21:30:00',1,7,'B','H','T','L','A','M','K','G','J','R','D','S','P','E','U','Q','C','N'),
('monday','21:30:00','00:30:00',1,8,'C','J','U','N','K','S','T','A','L','B','H','M','E','P','G','Q','D','R'),
('tuesday','00:30:00','03:30:00',2,1,'E','G','D','A','M','P','Q','R','C','K','B','U','H','L','S','J','N','T'),
('tuesday','03:30:00','06:30:00',2,2,'H','J','K','B','N','U','S','T','M','E','C','Q','G','A','R','D','L','P'),
('tuesday','06:30:00','09:30:00',2,3,'G','D','E','C','L','Q','R','P','B','J','M','S','K','N','T','H','A','U'),
('tuesday','09:30:00','12:30:00',2,4,'J','K','H','A','M','S','T','U','N','G','L','R','D','B','P','E','C','Q'),
('tuesday','12:30:00','15:30:00',2,5,'D','E','G','B','N','R','P','Q','L','H','A','T','J','C','U','K','M','S'),
('tuesday','15:30:00','18:30:00',2,6,'K','H','J','C','L','T','U','S','A','D','N','P','E','M','Q','G','B','R'),
('tuesday','18:30:00','21:30:00',2,7,'E','A','N','P','D','Q','C','K','B','U','H','L','S','J','T','M','G','R'),
('tuesday','21:30:00','00:30:00',2,8,'G','B','M','R','C','L','E','Q','A','D','P','J','S','K','N','T','H','U'),
('wednesday','00:30:00','03:30:00',3,1,'J','K','H','D','Q','S','T','U','G','A','E','L','B','P','M','C','R','N'),
('wednesday','03:30:00','06:30:00',3,2,'B','C','A','E','R','L','M','N','Q','J','G','T','K','D','U','H','P','S'),
('wednesday','06:30:00','09:30:00',3,3,'K','H','J','G','P','T','U','S','E','C','Q','M','A','R','N','B','D','L'),
('wednesday','09:30:00','12:30:00',3,4,'C','A','B','D','Q','M','N','L','R','K','P','U','H','E','S','J','G','T'),
('wednesday','12:30:00','15:30:00',3,5,'H','J','K','E','R','U','S','T','P','B','D','N','C','G','L','A','Q','M'),
('wednesday','15:30:00','18:30:00',3,6,'A','B','C','G','P','N','L','M','D','H','R','S','J','Q','T','K','E','U'),
('wednesday','18:30:00','21:30:00',3,7,'H','D','R','T','J','S','G','A','E','L','B','P','M','C','N','K','U','Q'),
('wednesday','21:30:00','00:30:00',3,8,'K','E','Q','U','G','P','J','T','D','H','S','C','M','A','R','N','B','L'),
('thursday','00:30:00','03:30:00',4,1,'L','M','N','S','J','C','A','B','U','R','T','G','P','H','D','Q','K','E'),
('thursday','03:30:00','06:30:00',4,2,'P','Q','R','T','K','G','D','E','J','L','U','A','M','S','B','N','H','C'),
('thursday','06:30:00','09:30:00',4,3,'M','N','L','U','H','A','B','C','T','Q','J','D','R','K','E','P','S','G'),
('thursday','09:30:00','12:30:00',4,4,'Q','R','P','S','J','D','E','G','K','M','H','B','N','T','C','L','U','A'),
('thursday','12:30:00','15:30:00',4,5,'N','L','M','T','K','B','C','A','H','P','S','E','Q','U','G','R','J','D'),
('thursday','15:30:00','18:30:00',4,6,'R','P','Q','U','H','E','G','D','S','N','K','C','L','J','A','M','T','B'),
('thursday','18:30:00','21:30:00',4,7,'M','S','J','A','L','B','U','R','T','G','P','H','D','Q','K','E','N','C'),
('thursday','21:30:00','00:30:00',4,8,'N','T','K','C','U','H','J','L','A','M','S','B','Q','D','R','E','P','G'),
('friday','00:30:00','03:30:00',5,1,'Q','R','P','L','B','D','E','G','N','U','M','K','S','A','H','T','C','J'),
('friday','03:30:00','06:30:00',5,2,'S','T','U','M','C','K','H','J','B','Q','N','E','R','L','G','P','A','D'),
('friday','06:30:00','09:30:00',5,3,'R','P','Q','N','A','E','G','D','M','T','B','H','U','C','J','S','L','K'),
('friday','09:30:00','12:30:00',5,4,'T','U','S','L','B','H','J','K','C','R','A','G','P','M','D','Q','N','E'),
('friday','12:30:00','15:30:00',5,5,'P','Q','R','M','C','G','D','E','A','S','L','J','T','N','K','U','B','H'),
('friday','15:30:00','18:30:00',5,6,'U','S','T','N','A','J','K','H','L','P','C','D','Q','B','E','R','M','G'),
('friday','18:30:00','21:30:00',5,7,'Q','L','C','D','P','E','N','U','M','K','S','A','H','T','J','R','G','B'),
('friday','21:30:00','00:30:00',5,8,'R','M','B','G','N','A','Q','E','L','P','D','T','H','U','C','J','S','K'),
('saturday','00:30:00','03:30:00',6,1,'T','U','S','P','E','H','J','K','R','L','Q','A','M','D','B','N','G','C'),
('saturday','03:30:00','06:30:00',6,2,'M','N','L','Q','G','A','B','C','E','T','R','J','U','P','K','S','D','H'),
('saturday','06:30:00','09:30:00',6,3,'U','S','T','R','D','J','K','H','Q','N','E','B','L','G','C','M','P','A'),
('saturday','09:30:00','12:30:00',6,4,'N','L','M','P','E','B','C','A','G','U','D','K','S','Q','H','T','R','J'),
('saturday','12:30:00','15:30:00',6,5,'S','T','U','Q','G','K','H','J','D','M','P','C','N','R','A','L','E','B'),
('saturday','15:30:00','18:30:00',6,6,'L','M','N','R','D','C','A','B','P','S','G','H','T','E','J','U','Q','K'),
('saturday','18:30:00','21:30:00',6,7,'S','P','G','H','T','K','R','L','Q','A','M','D','B','N','C','J','U','E'),
('saturday','21:30:00','00:30:00',6,8,'U','Q','E','J','R','D','T','P','K','S','H','N','B','L','G','C','M','A'),
('sunday','00:30:00','03:30:00',7,1,'A','B','C','L','N','M','E','G','D','Q','R','P','K','H','J','U','S','T'),
('sunday','03:30:00','06:30:00',7,2,'D','E','G','P','Q','R','J','K','H','T','U','S','N','L','M','C','A','B'),
('sunday','06:30:00','09:30:00',7,3,'H','J','K','S','T','U','M','N','L','B','C','A','R','P','Q','G','D','E'),
('sunday','09:30:00','12:30:00',7,4,'L','M','N','A','C','B','Q','R','P','E','G','D','U','S','T','K','H','J'),
('sunday','12:30:00','15:30:00',7,5,'P','Q','R','D','E','G','T','U','S','J','K','H','C','A','B','N','L','M'),
('sunday','15:30:00','18:30:00',7,6,'S','T','U','H','J','K','B','C','A','M','N','L','G','D','E','R','P','Q'),
('sunday','18:30:00','21:30:00',7,7,'P','E','R','C','B','A','L','G','D','Q','N','M','K','H','J','U','S','T'),
('sunday','21:30:00','00:30:00',7,8,'D','G','Q','J','K','S','U','R','T','N','L','M','C','A','B','H','E','P');
/*!40000 ALTER TABLE `order_of_disconnection` ENABLE KEYS */;
UNLOCK TABLES;

--
-- Table structure for table `time_periods`
--

DROP TABLE IF EXISTS `time_periods`;
/*!40101 SET @saved_cs_client     = @@character_set_client */;
/*!40101 SET character_set_client = utf8 */;
CREATE TABLE `time_periods` (
  `period_id` int(11) NOT NULL,
  `start_time` time DEFAULT NULL,
  `end_time` time DEFAULT NULL,
  `day_rollover` tinyint(4) DEFAULT 0,
  PRIMARY KEY (`period_id`)
) ENGINE=InnoDB DEFAULT CHARSET=utf8mb4;
/*!40101 SET character_set_client = @saved_cs_client */;

--
-- Dumping data for table `time_periods`
--

LOCK TABLES `time_periods` WRITE;
/*!40000 ALTER TABLE `time_periods` DISABLE KEYS */;
INSERT INTO `time_periods` VALUES
(1,'00:30:00','03:30:00',0),
(2,'03:30:00','06:30:00',0),
(3,'06:30:00','09:30:00',0),
(4,'09:30:00','12:30:00',0),
(5,'12:30:00','15:30:00',0),
(6,'15:30:00','18:30:00',0),
(7,'18:30:00','21:30:00',0),
(8,'21:30:00','00:30:00',1);
/*!40000 ALTER TABLE `time_periods` ENABLE KEYS */;
UNLOCK TABLES;

--
-- Table structure for table `uk_counties`
--

DROP TABLE IF EXISTS `uk_counties`;
/*!40101 SET @saved_cs_client     = @@character_set_client */;
/*!40101 SET character_set_client = utf8 */;
CREATE TABLE `uk_counties` (
  `country` varchar(31) NOT NULL,
  `county` varchar(63) NOT NULL,
  PRIMARY KEY (`country`,`county`)
) ENGINE=InnoDB DEFAULT CHARSET=utf8mb4;
/*!40101 SET character_set_client = @saved_cs_client */;

--
-- Dumping data for table `uk_counties`
--

LOCK TABLES `uk_counties` WRITE;
/*!40000 ALTER TABLE `uk_counties` DISABLE KEYS */;
INSERT INTO `uk_counties` VALUES
('England','Bedfordshire'),
('England','Buckinghamshire'),
('England','Cambridgeshire'),
('England','Cheshire'),
('England','Cleveland'),
('England','Cornwall'),
('England','Cumbria'),
('England','Derbyshire'),
('England','Devon'),
('England','Dorset'),
('England','Durham'),
('England','East Sussex'),
('England','Essex'),
('England','Gloucestershire'),
('England','Greater London'),
('England','Greater Manchester'),
('England','Hampshire'),
('England','Hertfordshire'),
('England','Kent'),
('England','Lancashire'),
('England','Leicestershire'),
('England','Lincolnshire'),
('England','Merseyside'),
('England','Norfolk'),
('England','North Yorkshire'),
('England','Northamptonshire'),
('England','Northumberland'),
('England','Nottinghamshire'),
('England','Oxfordshire'),
('England','Shropshire'),
('England','Somerset'),
('England','South Yorkshire'),
('England','Staffordshire'),
('England','Suffolk'),
('England','Surrey'),
('England','Tyne and Wear'),
('England','Warwickshire'),
('England','West Berkshire'),
('England','West Midlands'),
('England','West Sussex'),
('England','West Yorkshire'),
('England','Wiltshire'),
('England','Worcestershire'),
('Northern Ireland','Antrim'),
('Northern Ireland','Armagh'),
('Northern Ireland','Derry and Londonderry'),
('Northern Ireland','Down'),
('Northern Ireland','Fermanagh'),
('Northern Ireland','Tyrone'),
('Scotland','Aberdeen City'),
('Scotland','Aberdeenshire'),
('Scotland','Angus'),
('Scotland','Argyll and Bute'),
('Scotland','City of Edinburgh'),
('Scotland','Clackmannanshire'),
('Scotland','Dumfries and Galloway'),
('Scotland','Dundee City'),
('Scotland','East Ayrshire'),
('Scotland','East Dunbartonshire'),
('Scotland','East Lothian'),
('Scotland','East Renfrewshire'),
('Scotland','Eilean Siar'),
('Scotland','Falkirk'),
('Scotland','Fife'),
('Scotland','Glasgow City'),
('Scotland','Highland'),
('Scotland','Inverclyde'),
('Scotland','Midlothian'),
('Scotland','Moray'),
('Scotland','North Ayrshire'),
('Scotland','North Lanarkshire'),
('Scotland','Orkney Islands'),
('Scotland','Perth and Kinross'),
('Scotland','Renfrewshire'),
('Scotland','Scottish Borders'),
('Scotland','Shetland Islands'),
('Scotland','South Ayrshire'),
('Scotland','South Lanarkshire'),
('Scotland','Stirling'),
('Scotland','West Dunbartonshire'),
('Scotland','West Lothian'),
('Wales','Anglesey'),
('Wales','Breconshire'),
('Wales','Caernarvonshire'),
('Wales','Cardiganshire'),
('Wales','Carmarthenshire'),
('Wales','Denbighshire'),
('Wales','Flintshire'),
('Wales','Glamorgan'),
('Wales','Merionethshire'),
('Wales','Monmouthshire'),
('Wales','Montgomeryshire'),
('Wales','Pembrokeshire'),
('Wales','Radnorshire');
/*!40000 ALTER TABLE `uk_counties` ENABLE KEYS */;
UNLOCK TABLES;
/*!40103 SET TIME_ZONE=@OLD_TIME_ZONE */;

/*!40101 SET SQL_MODE=@OLD_SQL_MODE */;
/*!40014 SET FOREIGN_KEY_CHECKS=@OLD_FOREIGN_KEY_CHECKS */;
/*!40014 SET UNIQUE_CHECKS=@OLD_UNIQUE_CHECKS */;
/*!40101 SET CHARACTER_SET_CLIENT=@OLD_CHARACTER_SET_CLIENT */;
/*!40101 SET CHARACTER_SET_RESULTS=@OLD_CHARACTER_SET_RESULTS */;
/*!40101 SET COLLATION_CONNECTION=@OLD_COLLATION_CONNECTION */;
/*!40111 SET SQL_NOTES=@OLD_SQL_NOTES */;

-- Dump completed on 2022-10-25 12:43:35
